EmployeeID,SurveyDate,EngagementScore,ManagerRating
E1001,2024-01-15,7,2
1002,2023-06-30,1,2
E1003,2023-06-30,8,5
E1004,2024-01-15,2,10
1005,2024-01-15,5,6
E1006,2023-06-30,8,3
E1007,2023-06-30,4,2
E1008,2023-06-30,9,9
E1009,2023-06-30,6,7
E1010,2023-06-30,10,6
E1011,2024-01-15,6,7
E1012,2024-01-15,8,8
E1013,2024-01-15,6,1
E1014,2023-06-30,9,7
E1015,2023-06-30,5,10
1016,2023-06-30,1,4
E1017,2024-01-15,5,8
E1018,2024-01-15,7,1
E1019,2023-06-30,9,5
E1020,2023-06-30,4,2
E1021,2023-06-30,1,2
E1022,2024-01-15,2,7
E1023,2023-06-30,3,6
E1024,2023-06-30,3,6
E1025,2024-01-15,5,3
E1026,2023-06-30,9,5
E1027,2024-01-15,8,3
E1028,2024-01-15,10,4
E1029,2024-01-15,4,9
E1030,2023-06-30,9,10
E1031,2024-01-15,2,2
E1032,2023-06-30,9,9
1033,2024-01-15,2,3
E1034,2024-01-15,4,3
E1035,2023-06-30,3,10
E1036,2023-06-30,6,3
E1037,2024-01-15,-10,7
E1038,2023-06-30,5,7
E1039,2024-01-15,5,2
1040,2024-01-15,5,5
E1041,2023-06-30,8,7
E1042,2023-06-30,4,2
E1043,2024-01-15,4,5
E1044,2023-06-30,9,7
1045,2024-01-15,2,7
E1046,2024-01-15,8,6
E1047,2023-06-30,9,1
1048,2023-06-30,5,1
E1049,2023-06-30,1,6
E1050,2023-06-30,8,1
E1051,2024-01-15,2,4
E1052,2024-01-15,7,5
E1053,2023-06-30,2,1
E1054,2024-01-15,3,1
E1055,2024-01-15,4,7
E1056,2023-06-30,7,6
E1057,2024-01-15,4,10
1058,2023-06-30,1,8
E1059,2024-01-15,4,6
E1060,2024-01-15,7,1
1061,2023-06-30,10,3
E1062,2023-06-30,10,5
1063,2024-01-15,4,4
E1064,2023-06-30,3,8
E1065,2023-06-30,6,4
E1066,2023-06-30,3,9
1067,2023-06-30,7,3
E1068,2024-01-15,8,4
E1069,2023-06-30,10,7
E1070,2024-01-15,7,4
E1071,2024-01-15,7,4
1072,2023-06-30,9,6
E1073,2023-06-30,8,10
E1074,2024-01-15,1,10
E1075,2024-01-15,9,8
E1076,2023-06-30,3,4
E1077,2024-01-15,5,5
E1078,2023-06-30,10,5
E1079,2024-01-15,10,3
E1080,2024-01-15,2,7
E1081,2023-06-30,8,9
E1082,2024-01-15,2,4
E1083,2023-06-30,5,9
E1084,2024-01-15,4,2
E1085,2024-01-15,7,1
E1086,2024-01-15,6,9
E1087,2023-06-30,1,5
E1088,2024-01-15,5,9
E1089,2023-06-30,9,6
E1090,2024-01-15,8,9
E1091,2024-01-15,6,1
E1092,2023-06-30,7,8
E1093,2024-01-15,5,1
E1094,2024-01-15,10,9
E1095,2023-06-30,4,4
E1096,2024-01-15,8,7
E1097,2023-06-30,8,4
E1098,2023-06-30,7,7
E1099,2023-06-30,6,10
E1100,2023-06-30,6,3
E1101,2024-01-15,7,3
1102,2023-06-30,1,6
E1103,2024-01-15,4,9
E1104,2024-01-15,7,5
E1105,2023-06-30,6,6
E1106,2023-06-30,9,6
E1107,2024-01-15,2,5
1108,2024-01-15,1,9
E1109,2024-01-15,10,2
E1110,2024-01-15,8,10
E1111,2023-06-30,6,3
E1112,2023-06-30,2,10
E1113,2024-01-15,10,10
1114,2023-06-30,8,7
1115,2023-06-30,2,1
E1116,2023-06-30,4,1
E1117,2023-06-30,5,8
E1118,2023-06-30,6,8
E1119,2023-06-30,2,1
E1120,2023-06-30,4,3
1121,2024-01-15,7,4
E1122,2023-06-30,5,3
E1123,2024-01-15,8,3
E1124,2023-06-30,1,6
E1125,2023-06-30,4,10
1126,2023-06-30,4,2
E1127,2024-01-15,8,5
E1128,2023-06-30,100,7
E1129,2024-01-15,1,4
E1130,2024-01-15,1,8
E1131,2023-06-30,4,7
E1132,2023-06-30,10,9
E1133,2023-06-30,100,2
E1134,2024-01-15,2,3
E1135,2023-06-30,9,2
1136,2024-01-15,100,2
E1137,2023-06-30,7,7
E1138,2023-06-30,6,9
E1139,2024-01-15,1,2
E1140,2023-06-30,2,8
E1141,2023-06-30,4,5
1142,2023-06-30,7,2
E1143,2023-06-30,3,10
1144,2023-06-30,2,6
E1145,2024-01-15,2,1
E1146,2024-01-15,8,7
E1147,2023-06-30,6,5
E1148,2024-01-15,7,9
E1149,2024-01-15,5,9
E1150,2023-06-30,5,4
E1151,2023-06-30,6,1
E1152,2023-06-30,2,4
1153,2023-06-30,1,1
E1154,2023-06-30,7,2
1155,2024-01-15,4,2
E1156,2023-06-30,7,10
E1157,2024-01-15,9,10
E1158,2024-01-15,5,6
E1159,2024-01-15,7,4
E1160,2023-06-30,4,1
E1161,2024-01-15,4,3
E1162,2024-01-15,3,8
1163,2024-01-15,6,9
E1164,2023-06-30,10,10
E1165,2023-06-30,6,9
E1166,2024-01-15,4,6
E1167,2023-06-30,7,2
E1168,2023-06-30,8,4
E1169,2024-01-15,6,1
E1170,2024-01-15,3,3
1171,2024-01-15,100,9
E1172,2024-01-15,2,10
E1173,2024-01-15,8,4
E1174,2024-01-15,3,2
E1175,2023-06-30,5,10
E1176,2024-01-15,10,10
E1177,2024-01-15,8,8
E1178,2024-01-15,6,5
E1179,2023-06-30,7,2
E1180,2024-01-15,6,4
E1181,2024-01-15,2,3
E1182,2024-01-15,7,1
E1183,2024-01-15,6,10
E1184,2024-01-15,5,10
E1185,2024-01-15,5,8
E1186,2024-01-15,3,7
E1187,2023-06-30,-10,1
1188,2023-06-30,8,9
E1189,2023-06-30,3,6
E1190,2023-06-30,10,5
E1191,2024-01-15,9,3
E1192,2024-01-15,2,10
E1193,2023-06-30,3,3
E1194,2024-01-15,7,5
E1195,2024-01-15,4,4
1196,2024-01-15,9,4
E1197,2023-06-30,4,3
E1198,2024-01-15,3,8
E1199,2024-01-15,3,9
E1200,2023-06-30,4,1
E1201,2024-01-15,10,3
E1202,2024-01-15,1,4
E1203,2023-06-30,4,8
E1204,2023-06-30,8,3
E1205,2023-06-30,9,9
E1206,2023-06-30,7,1
E1207,2023-06-30,4,8
E1208,2023-06-30,7,7
E1209,2024-01-15,7,8
E1210,2024-01-15,6,3
E1211,2023-06-30,5,6
E1212,2024-01-15,5,10
E1213,2023-06-30,6,9
E1214,2023-06-30,4,1
E1215,2023-06-30,8,9
E1216,2023-06-30,9,6
E1217,2024-01-15,3,5
E1218,2023-06-30,3,5
1219,2023-06-30,1,7
E1220,2023-06-30,6,6
E1221,2024-01-15,1,9
E1222,2023-06-30,2,5
E1223,2023-06-30,8,1
E1224,2023-06-30,7,10
E1225,2023-06-30,9,10
E1226,2023-06-30,8,4
E1227,2023-06-30,3,5
E1228,2024-01-15,2,6
E1229,2024-01-15,7,10
E1230,2023-06-30,3,10
E1231,2024-01-15,10,10
E1232,2024-01-15,6,2
E1233,2024-01-15,2,4
E1234,2024-01-15,9,4
E1235,2024-01-15,8,5
E1236,2023-06-30,4,10
E1237,2024-01-15,2,4
1238,2024-01-15,7,2
E1239,2024-01-15,8,2
E1240,2023-06-30,4,5
E1241,2024-01-15,2,10
E1242,2024-01-15,3,7
E1243,2024-01-15,2,7
E1244,2023-06-30,1,10
1245,2024-01-15,1,3
E1246,2023-06-30,5,10
E1247,2023-06-30,3,3
E1248,2023-06-30,6,8
E1249,2024-01-15,3,5
E1250,2023-06-30,1,9
E1251,2024-01-15,10,10
E1252,2023-06-30,6,2
E1253,2023-06-30,1,2
E1254,2023-06-30,2,1
E1255,2024-01-15,1,3
E1256,2023-06-30,9,8
E1257,2024-01-15,4,1
1258,2024-01-15,10,8
1259,2024-01-15,5,7
E1260,2024-01-15,10,1
E1261,2023-06-30,3,4
E1262,2023-06-30,5,10
E1263,2023-06-30,1,9
E1264,2024-01-15,3,7
E1265,2024-01-15,9,3
E1266,2024-01-15,7,10
E1267,2024-01-15,1,8
E1268,2023-06-30,10,10
1269,2024-01-15,1,10
E1270,2024-01-15,5,5
E1271,2024-01-15,5,1
E1272,2024-01-15,9,7
E1273,2023-06-30,1,9
E1274,2023-06-30,3,9
E1275,2024-01-15,5,2
1276,2023-06-30,9,7
E1277,2024-01-15,2,7
E1278,2023-06-30,4,5
E1279,2024-01-15,2,6
E1280,2024-01-15,1,10
E1281,2023-06-30,1,8
E1282,2023-06-30,9,2
E1283,2024-01-15,10,6
E1284,2023-06-30,9,3
E1285,2023-06-30,7,4
E1286,2023-06-30,6,7
E1287,2023-06-30,4,5
E1288,2023-06-30,5,8
E1289,2024-01-15,4,2
E1290,2023-06-30,1,9
E1291,2024-01-15,7,3
E1292,2023-06-30,5,1
E1293,2023-06-30,10,9
E1294,2023-06-30,1,5
E1295,2023-06-30,5,6
E1296,2024-01-15,8,4
E1297,2023-06-30,10,1
E1298,2024-01-15,6,1
1299,2024-01-15,2,5
E1300,2023-06-30,3,6
1301,2024-01-15,10,1
E1302,2023-06-30,6,6
E1303,2024-01-15,10,3
E1304,2024-01-15,3,6
E1305,2023-06-30,10,2
E1306,2023-06-30,6,8
E1307,2024-01-15,10,3
E1308,2024-01-15,7,3
E1309,2023-06-30,4,9
E1310,2024-01-15,7,9
E1311,2024-01-15,8,5
E1312,2024-01-15,3,3
E1313,2023-06-30,3,10
1314,2024-01-15,4,8
E1315,2023-06-30,3,1
E1316,2023-06-30,2,8
1317,2023-06-30,1,3
E1318,2023-06-30,8,8
E1319,2023-06-30,5,7
E1320,2023-06-30,6,8
E1321,2024-01-15,10,10
E1322,2023-06-30,9,5
E1323,2024-01-15,5,2
E1324,2024-01-15,9,6
E1325,2023-06-30,3,1
E1326,2024-01-15,7,7
E1327,2023-06-30,3,4
E1328,2023-06-30,1,8
E1329,2023-06-30,3,8
E1330,2024-01-15,8,6
E1331,2023-06-30,10,3
1332,2024-01-15,8,5
E1333,2024-01-15,10,1
E1334,2024-01-15,5,9
1335,2024-01-15,6,6
E1336,2024-01-15,9,2
E1337,2024-01-15,6,10
E1338,2023-06-30,10,10
E1339,2024-01-15,10,2
E1340,2024-01-15,3,10
E1341,2024-01-15,5,4
E1342,2023-06-30,9,9
E1343,2023-06-30,3,7
1344,2023-06-30,8,8
E1345,2023-06-30,2,8
E1346,2024-01-15,2,1
E1347,2024-01-15,7,5
E1348,2023-06-30,3,3
E1349,2023-06-30,6,6
E1350,2023-06-30,5,6
1351,2023-06-30,10,3
E1352,2023-06-30,10,6
E1353,2023-06-30,3,2
E1354,2023-06-30,9,3
E1355,2023-06-30,5,7
E1356,2023-06-30,8,10
E1357,2024-01-15,5,8
1358,2023-06-30,3,8
E1359,2023-06-30,1,6
E1360,2023-06-30,5,3
E1361,2024-01-15,6,3
E1362,2024-01-15,8,5
E1363,2023-06-30,4,9
E1364,2024-01-15,4,10
1365,2023-06-30,2,3
E1366,2023-06-30,5,1
E1367,2024-01-15,10,8
E1368,2023-06-30,5,6
E1369,2024-01-15,10,7
E1370,2024-01-15,6,6
E1371,2023-06-30,4,3
E1372,2024-01-15,8,4
E1373,2023-06-30,4,8
E1374,2024-01-15,3,5
E1375,2024-01-15,4,5
E1376,2024-01-15,3,3
1377,2023-06-30,9,4
E1378,2024-01-15,6,4
E1379,2023-06-30,10,4
E1380,2023-06-30,7,9
E1381,2024-01-15,9,10
E1382,2023-06-30,9,2
E1383,2023-06-30,2,1
E1384,2023-06-30,3,7
E1385,2023-06-30,4,8
E1386,2023-06-30,3,2
E1387,2024-01-15,4,8
E1388,2023-06-30,6,4
E1389,2023-06-30,1,4
E1390,2024-01-15,5,8
E1391,2023-06-30,1,7
E1392,2023-06-30,6,4
E1393,2023-06-30,7,6
E1394,2024-01-15,10,10
E1395,2024-01-15,10,5
E1396,2024-01-15,7,6
E1397,2024-01-15,2,1
1398,2024-01-15,10,2
E1399,2024-01-15,7,6
E1400,2023-06-30,8,5
E1401,2024-01-15,8,1
E1402,2024-01-15,3,7
E1403,2023-06-30,9,5
E1404,2024-01-15,2,9
E1405,2024-01-15,2,9
E1406,2024-01-15,5,9
E1407,2024-01-15,10,8
E1408,2024-01-15,9,6
E1409,2023-06-30,8,9
E1410,2023-06-30,2,10
E1411,2023-06-30,10,7
E1412,2023-06-30,6,9
E1413,2023-06-30,4,3
E1414,2023-06-30,2,6
E1415,2024-01-15,2,3
E1416,2024-01-15,7,7
E1417,2024-01-15,2,10
E1418,2024-01-15,6,6
E1419,2023-06-30,8,5
E1420,2024-01-15,7,6
E1421,2023-06-30,10,4
E1422,2024-01-15,6,5
E1423,2023-06-30,5,1
E1424,2024-01-15,6,1
E1425,2024-01-15,9,3
1426,2024-01-15,6,3
E1427,2024-01-15,2,10
E1428,2024-01-15,4,5
E1429,2023-06-30,2,2
E1430,2024-01-15,6,7
E1431,2023-06-30,8,7
E1432,2023-06-30,3,8
E1433,2023-06-30,7,9
1434,2023-06-30,10,2
E1435,2023-06-30,5,10
E1436,2024-01-15,2,4
E1437,2024-01-15,6,2
E1438,2023-06-30,3,9
E1439,2024-01-15,4,2
1440,2023-06-30,2,2
E1441,2023-06-30,9,9
E1442,2023-06-30,7,5
E1443,2023-06-30,4,2
E1444,2024-01-15,6,4
E1445,2023-06-30,7,4
E1446,2023-06-30,5,10
E1447,2023-06-30,6,7
E1448,2024-01-15,10,3
E1449,2024-01-15,8,7
E1450,2023-06-30,6,4
E1451,2024-01-15,10,10
E1452,2023-06-30,9,3
1453,2024-01-15,4,6
E1454,2023-06-30,1,1
E1455,2024-01-15,10,10
E1456,2024-01-15,4,10
1457,2023-06-30,2,5
E1458,2023-06-30,5,9
1459,2023-06-30,4,3
E1460,2023-06-30,3,3
E1461,2023-06-30,5,8
E1462,2023-06-30,10,10
E1463,2023-06-30,3,2
E1464,2024-01-15,4,5
E1465,2024-01-15,10,2
E1466,2024-01-15,10,5
E1467,2023-06-30,4,1
E1468,2024-01-15,3,9
1469,2023-06-30,8,6
E1470,2024-01-15,10,6
E1471,2024-01-15,6,5
E1472,2023-06-30,100,6
E1473,2024-01-15,1,4
E1474,2024-01-15,10,7
E1475,2024-01-15,2,1
E1476,2023-06-30,8,8
E1477,2023-06-30,1,3
E1478,2024-01-15,7,3
E1479,2024-01-15,4,9
E1480,2023-06-30,1,9
1481,2023-06-30,8,3
E1482,2023-06-30,9,8
E1483,2023-06-30,4,7
E1484,2024-01-15,2,8
E1485,2023-06-30,10,10
E1486,2024-01-15,5,2
E1487,2024-01-15,2,8
E1488,2023-06-30,10,9
E1489,2024-01-15,6,2
1490,2024-01-15,8,10
E1491,2024-01-15,4,3
E1492,2023-06-30,1,6
E1493,2024-01-15,1,8
E1494,2023-06-30,1,7
E1495,2023-06-30,3,6
E1496,2024-01-15,1,10
E1497,2023-06-30,3,3
E1498,2024-01-15,2,6
E1499,2023-06-30,9,8
E1500,2023-06-30,2,9
1501,2023-06-30,6,7
E1502,2024-01-15,6,7
E1503,2024-01-15,9,5
E1504,2024-01-15,5,10
E1505,2023-06-30,3,10
E1506,2023-06-30,4,5
E1507,2023-06-30,10,7
1508,2023-06-30,8,8
E1509,2023-06-30,4,5
E1510,2023-06-30,5,6
E1511,2023-06-30,2,4
E1512,2024-01-15,3,4
E1513,2023-06-30,3,5
E1514,2024-01-15,3,9
E1515,2023-06-30,3,2
E1516,2023-06-30,5,5
E1517,2024-01-15,4,10
E1518,2024-01-15,8,1
E1519,2024-01-15,9,9
E1520,2023-06-30,7,1
1521,2023-06-30,3,2
E1522,2024-01-15,6,1
E1523,2024-01-15,1,9
E1524,2023-06-30,6,7
E1525,2024-01-15,6,9
E1526,2023-06-30,10,3
E1527,2024-01-15,10,1
1528,2024-01-15,5,4
E1529,2023-06-30,10,6
E1530,2024-01-15,3,2
E1531,2024-01-15,5,5
E1532,2023-06-30,9,1
E1533,2023-06-30,9,10
E1534,2023-06-30,5,1
E1535,2024-01-15,9,8
E1536,2024-01-15,7,2
E1537,2023-06-30,100,8
E1538,2023-06-30,8,8
E1539,2024-01-15,6,8
E1540,2023-06-30,9,2
E1541,2024-01-15,2,5
E1542,2024-01-15,2,10
E1543,2024-01-15,3,6
E1544,2024-01-15,10,9
E1545,2023-06-30,2,5
E1546,2024-01-15,7,5
E1547,2023-06-30,9,4
E1548,2024-01-15,10,7
E1549,2024-01-15,9,9
E1550,2023-06-30,2,8
E1551,2023-06-30,1,9
E1552,2024-01-15,5,10
E1553,2024-01-15,1,1
E1554,2024-01-15,4,3
E1555,2024-01-15,4,8
1556,2024-01-15,8,1
E1557,2024-01-15,1,5
E1558,2023-06-30,6,10
E1559,2024-01-15,1,7
E1560,2024-01-15,9,3
E1561,2024-01-15,3,1
E1562,2023-06-30,4,1
E1563,2024-01-15,9,6
E1564,2024-01-15,8,7
1565,2024-01-15,5,1
E1566,2024-01-15,8,9
E1567,2024-01-15,10,1
E1568,2024-01-15,7,9
E1569,2023-06-30,4,10
E1570,2023-06-30,7,9
E1571,2024-01-15,6,1
E1572,2023-06-30,10,7
E1573,2024-01-15,2,3
E1574,2023-06-30,6,2
E1575,2023-06-30,1,7
E1576,2023-06-30,4,7
E1577,2024-01-15,10,3
E1578,2023-06-30,8,1
E1579,2023-06-30,10,4
1580,2024-01-15,3,1
E1581,2024-01-15,4,9
E1582,2024-01-15,2,10
E1583,2023-06-30,7,8
E1584,2024-01-15,6,10
E1585,2023-06-30,8,8
E1586,2024-01-15,5,6
E1587,2023-06-30,5,6
E1588,2023-06-30,8,8
E1589,2024-01-15,4,4
E1590,2023-06-30,8,10
E1591,2023-06-30,7,4
E1592,2023-06-30,3,9
E1593,2023-06-30,8,5
E1594,2024-01-15,5,4
E1595,2023-06-30,-10,4
1596,2024-01-15,5,2
E1597,2023-06-30,6,2
E1598,2023-06-30,1,7
E1599,2024-01-15,1,5
1600,2023-06-30,3,4
E1601,2023-06-30,1,4
E1602,2023-06-30,1,6
1603,2023-06-30,6,3
1604,2024-01-15,3,6
E1605,2024-01-15,2,8
E1606,2023-06-30,100,7
E1607,2023-06-30,1,7
E1608,2024-01-15,4,1
1609,2024-01-15,6,7
E1610,2024-01-15,9,10
E1611,2024-01-15,7,10
E1612,2024-01-15,4,10
E1613,2024-01-15,1,6
E1614,2024-01-15,4,2
E1615,2024-01-15,7,7
E1616,2024-01-15,8,10
E1617,2024-01-15,5,6
E1618,2023-06-30,8,6
E1619,2023-06-30,10,1
1620,2024-01-15,10,2
E1621,2024-01-15,5,4
E1622,2023-06-30,2,1
1623,2024-01-15,10,9
E1624,2024-01-15,8,2
E1625,2023-06-30,7,3
E1626,2023-06-30,10,10
E1627,2024-01-15,7,9
E1628,2023-06-30,7,4
E1629,2023-06-30,8,7
E1630,2023-06-30,4,6
E1631,2024-01-15,4,5
E1632,2024-01-15,3,2
E1633,2024-01-15,7,6
1634,2023-06-30,2,9
E1635,2023-06-30,6,7
E1636,2024-01-15,4,6
E1637,2023-06-30,2,6
E1638,2024-01-15,10,8
E1639,2023-06-30,5,9
E1640,2024-01-15,1,7
E1641,2024-01-15,2,2
E1642,2023-06-30,3,4
E1643,2023-06-30,3,9
E1644,2024-01-15,1,2
E1645,2024-01-15,3,6
E1646,2023-06-30,5,7
E1647,2023-06-30,9,3
E1648,2023-06-30,5,9
E1649,2024-01-15,6,7
E1650,2023-06-30,10,5
E1651,2024-01-15,8,1
E1652,2024-01-15,-10,10
E1653,2024-01-15,5,1
E1654,2023-06-30,5,4
1655,2023-06-30,1,3
E1656,2024-01-15,10,4
E1657,2024-01-15,6,10
E1658,2023-06-30,6,9
E1659,2024-01-15,8,1
E1660,2023-06-30,9,1
E1661,2024-01-15,6,3
E1662,2024-01-15,6,5
E1663,2023-06-30,2,4
E1664,2024-01-15,6,8
E1665,2023-06-30,6,10
E1666,2023-06-30,7,9
E1667,2023-06-30,2,9
E1668,2023-06-30,9,2
E1669,2023-06-30,3,3
E1670,2024-01-15,1,8
E1671,2024-01-15,7,1
E1672,2023-06-30,1,1
E1673,2023-06-30,9,10
E1674,2023-06-30,6,4
E1675,2024-01-15,10,1
E1676,2023-06-30,9,10
E1677,2024-01-15,6,5
E1678,2024-01-15,10,1
E1679,2023-06-30,5,6
E1680,2024-01-15,3,1
E1681,2024-01-15,8,2
E1682,2024-01-15,5,10
E1683,2023-06-30,10,10
E1684,2024-01-15,5,4
E1685,2024-01-15,2,4
E1686,2024-01-15,1,7
E1687,2024-01-15,9,10
E1688,2024-01-15,1,6
1689,2023-06-30,10,3
E1690,2024-01-15,2,2
E1691,2023-06-30,8,9
E1692,2024-01-15,4,4
E1693,2023-06-30,6,7
1694,2024-01-15,2,10
E1695,2023-06-30,3,5
E1696,2023-06-30,-10,5
E1697,2023-06-30,2,8
E1698,2023-06-30,9,7
E1699,2024-01-15,3,6
1700,2024-01-15,8,10
E1701,2023-06-30,9,2
E1702,2024-01-15,1,3
E1703,2023-06-30,7,5
E1704,2024-01-15,1,4
E1705,2024-01-15,6,6
E1706,2024-01-15,9,2
E1707,2024-01-15,6,10
E1708,2023-06-30,2,7
E1709,2023-06-30,2,1
E1710,2024-01-15,10,3
1711,2024-01-15,4,5
E1712,2023-06-30,1,4
E1713,2024-01-15,7,9
E1714,2024-01-15,1,4
E1715,2024-01-15,7,9
E1716,2023-06-30,2,6
E1717,2023-06-30,7,8
E1718,2023-06-30,7,1
E1719,2023-06-30,10,7
E1720,2023-06-30,8,7
E1721,2023-06-30,2,9
E1722,2024-01-15,9,5
E1723,2024-01-15,2,8
E1724,2023-06-30,8,2
E1725,2023-06-30,1,10
E1726,2023-06-30,2,6
E1727,2023-06-30,10,5
1728,2023-06-30,3,8
E1729,2023-06-30,7,9
E1730,2024-01-15,4,4
E1731,2023-06-30,5,3
E1732,2024-01-15,3,3
E1733,2023-06-30,7,6
E1734,2023-06-30,10,10
E1735,2023-06-30,1,9
E1736,2023-06-30,3,10
E1737,2023-06-30,5,2
1738,2023-06-30,7,5
E1739,2024-01-15,10,1
1740,2023-06-30,7,3
E1741,2023-06-30,7,6
E1742,2024-01-15,10,9
E1743,2023-06-30,5,5
E1744,2023-06-30,6,9
E1745,2023-06-30,1,10
E1746,2024-01-15,5,10
1747,2024-01-15,1,7
E1748,2023-06-30,7,8
E1749,2023-06-30,2,5
E1750,2024-01-15,5,6
E1751,2023-06-30,8,5
1752,2024-01-15,3,2
E1753,2024-01-15,6,7
E1754,2023-06-30,7,7
E1755,2024-01-15,6,5
E1756,2023-06-30,7,8
E1757,2024-01-15,4,10
E1758,2023-06-30,3,7
E1759,2023-06-30,1,7
E1760,2023-06-30,5,6
E1761,2023-06-30,10,4
E1762,2023-06-30,6,1
E1763,2024-01-15,5,9
E1764,2024-01-15,2,2
E1765,2023-06-30,1,10
E1766,2024-01-15,5,10
E1767,2023-06-30,2,1
1768,2023-06-30,10,2
E1769,2024-01-15,10,4
1770,2023-06-30,5,7
E1771,2023-06-30,10,9
E1772,2024-01-15,3,3
E1773,2024-01-15,6,5
1774,2023-06-30,5,1
E1775,2023-06-30,8,1
1776,2024-01-15,3,7
E1777,2023-06-30,1,1
E1778,2024-01-15,4,1
E1779,2024-01-15,1,10
1780,2023-06-30,3,6
E1781,2024-01-15,5,2
E1782,2023-06-30,6,5
E1783,2023-06-30,8,5
E1784,2023-06-30,1,3
E1785,2023-06-30,5,5
E1786,2023-06-30,1,3
E1787,2023-06-30,9,8
E1788,2024-01-15,4,10
E1789,2024-01-15,1,9
E1790,2024-01-15,3,5
E1791,2023-06-30,9,5
E1792,2023-06-30,8,6
E1793,2024-01-15,10,1
E1794,2024-01-15,5,2
E1795,2024-01-15,4,2
1796,2023-06-30,3,3
E1797,2023-06-30,10,8
E1798,2023-06-30,8,4
E1799,2024-01-15,4,10
E1800,2023-06-30,2,4
E1801,2024-01-15,8,1
E1802,2024-01-15,4,2
E1803,2023-06-30,3,1
E1804,2024-01-15,3,6
E1805,2023-06-30,7,5
E1806,2024-01-15,1,10
E1807,2023-06-30,6,6
1808,2023-06-30,1,7
1809,2024-01-15,4,10
E1810,2024-01-15,6,5
E1811,2024-01-15,4,10
1812,2023-06-30,4,10
E1813,2024-01-15,10,2
E1814,2024-01-15,10,4
E1815,2024-01-15,8,10
1816,2023-06-30,2,7
E1817,2024-01-15,5,5
E1818,2024-01-15,10,2
1819,2023-06-30,8,2
1820,2024-01-15,10,2
E1821,2023-06-30,2,5
E1822,2024-01-15,2,6
E1823,2024-01-15,3,2
E1824,2024-01-15,5,4
E1825,2024-01-15,7,7
E1826,2024-01-15,7,2
E1827,2023-06-30,2,10
E1828,2023-06-30,4,9
E1829,2024-01-15,2,8
E1830,2024-01-15,9,8
E1831,2024-01-15,9,7
E1832,2024-01-15,1,1
E1833,2023-06-30,6,3
1834,2024-01-15,2,7
E1835,2023-06-30,1,8
E1836,2023-06-30,4,9
E1837,2023-06-30,2,10
E1838,2024-01-15,6,1
E1839,2023-06-30,5,5
E1840,2023-06-30,6,6
E1841,2023-06-30,7,4
E1842,2023-06-30,5,9
E1843,2024-01-15,3,4
E1844,2023-06-30,7,2
E1845,2024-01-15,2,4
E1846,2023-06-30,3,2
1847,2023-06-30,8,8
E1848,2024-01-15,4,1
E1849,2024-01-15,10,6
E1850,2024-01-15,9,7
E1851,2023-06-30,2,2
E1852,2023-06-30,2,7
E1853,2023-06-30,6,8
E1854,2023-06-30,8,10
E1855,2024-01-15,9,7
E1856,2024-01-15,5,9
E1857,2024-01-15,8,9
E1858,2023-06-30,4,7
E1859,2024-01-15,4,4
E1860,2023-06-30,1,1
1861,2024-01-15,7,10
E1862,2023-06-30,7,5
E1863,2024-01-15,2,2
E1864,2023-06-30,1,4
E1865,2023-06-30,10,1
E1866,2023-06-30,3,5
E1867,2023-06-30,9,6
E1868,2024-01-15,6,6
E1869,2024-01-15,7,9
E1870,2023-06-30,10,2
E1871,2024-01-15,10,10
E1872,2023-06-30,1,3
E1873,2023-06-30,6,2
E1874,2024-01-15,9,9
E1875,2023-06-30,10,5
E1876,2023-06-30,8,3
E1877,2024-01-15,1,6
E1878,2024-01-15,3,6
E1879,2023-06-30,1,7
E1880,2024-01-15,6,5
E1881,2023-06-30,3,7
E1882,2024-01-15,6,3
E1883,2023-06-30,7,9
E1884,2024-01-15,8,2
E1885,2023-06-30,4,5
1886,2024-01-15,10,1
E1887,2023-06-30,1,8
E1888,2023-06-30,10,3
E1889,2023-06-30,2,4
E1890,2023-06-30,8,3
E1891,2023-06-30,9,8
1892,2024-01-15,3,6
E1893,2024-01-15,7,5
E1894,2024-01-15,10,9
E1895,2023-06-30,1,6
E1896,2024-01-15,1,2
E1897,2023-06-30,1,8
E1898,2024-01-15,7,5
E1899,2023-06-30,4,9
E1900,2024-01-15,8,2
E1901,2023-06-30,1,7
E1902,2023-06-30,10,9
E1903,2024-01-15,6,3
E1904,2023-06-30,4,10
E1905,2024-01-15,4,10
E1906,2024-01-15,7,6
1907,2024-01-15,10,10
E1908,2023-06-30,5,10
E1909,2023-06-30,8,6
E1910,2023-06-30,6,7
E1911,2023-06-30,9,1
E1912,2024-01-15,1,9
1913,2024-01-15,5,3
E1914,2024-01-15,7,7
1915,2023-06-30,9,10
E1916,2023-06-30,10,8
E1917,2024-01-15,7,3
E1918,2023-06-30,3,10
E1919,2023-06-30,1,1
E1920,2024-01-15,2,7
E1921,2023-06-30,8,10
E1922,2023-06-30,9,6
E1923,2023-06-30,-10,4
E1924,2024-01-15,5,2
1925,2023-06-30,9,2
E1926,2023-06-30,1,8
E1927,2024-01-15,6,9
E1928,2023-06-30,9,1
1929,2024-01-15,3,5
E1930,2024-01-15,4,3
E1931,2023-06-30,9,6
E1932,2023-06-30,3,4
E1933,2023-06-30,4,7
E1934,2024-01-15,6,4
E1935,2024-01-15,1,5
1936,2023-06-30,4,2
E1937,2024-01-15,1,10
E1938,2023-06-30,9,3
1939,2024-01-15,6,6
E1940,2023-06-30,8,8
E1941,2023-06-30,8,3
E1942,2023-06-30,4,2
E1943,2023-06-30,4,5
E1944,2024-01-15,3,5
1945,2024-01-15,9,8
E1946,2024-01-15,5,1
E1947,2024-01-15,8,6
E1948,2024-01-15,7,10
E1949,2024-01-15,6,10
E1950,2024-01-15,4,6
E1951,2024-01-15,2,1
1952,2023-06-30,9,5
E1953,2023-06-30,10,10
E1954,2024-01-15,7,8
E1955,2023-06-30,3,10
E1956,2024-01-15,10,5
E1957,2023-06-30,5,6
E1958,2023-06-30,6,4
E1959,2024-01-15,8,8
E1960,2023-06-30,6,7
E1961,2023-06-30,3,3
1962,2024-01-15,8,2
E1963,2023-06-30,7,1
E1964,2023-06-30,10,6
E1965,2023-06-30,7,5
E1966,2023-06-30,10,10
E1967,2023-06-30,2,1
E1968,2023-06-30,2,8
E1969,2023-06-30,1,8
E1970,2023-06-30,3,8
E1971,2024-01-15,8,10
E1972,2023-06-30,5,4
E1973,2024-01-15,6,10
E1974,2024-01-15,7,6
E1975,2024-01-15,9,9
E1976,2024-01-15,6,1
E1977,2024-01-15,9,10
E1978,2024-01-15,8,6
E1979,2023-06-30,3,7
E1980,2024-01-15,9,9
E1981,2023-06-30,9,9
E1982,2024-01-15,8,3
E1983,2023-06-30,10,3
E1984,2024-01-15,1,4
E1985,2024-01-15,9,6
E1986,2023-06-30,4,10
E1987,2024-01-15,5,9
E1988,2023-06-30,10,6
E1989,2024-01-15,9,4
E1990,2023-06-30,7,2
E1991,2023-06-30,1,2
E1992,2023-06-30,2,8
1993,2023-06-30,5,9
E1994,2024-01-15,7,9
1995,2023-06-30,5,8
1996,2024-01-15,5,10
E1997,2023-06-30,3,6
E1998,2024-01-15,8,2
E1999,2023-06-30,2,4
E2000,2023-06-30,1,3
