EmployeeID,ReviewYear,PerformanceRating,Promotion
E1923,2022.0,Low,Yes
E1659,2023.0,Average,No
E1300,2022.0,Average,""
E1960,2022.0,5,""
E1993,2023.0,Average,N/A
E1184,2023.0,Low,N/A
E1621,2022.0,1,Yes
E1851,2023.0,3,Yes
E1812,2023.0,3,Yes
E1954,2023.0,1,Yes
E1201,2023.0,N/A,N/A
E1372,2023.0,3,No
E1724,2022.0,Low,Yes
E1200,2023.0,NaN,""
E1995,2023.0,2,No
E1615,2023.0,N/A,No
E1401,2022.0,Low,Yes
E1690,2023.0,Low,N/A
E1273,2022.0,1,Yes
E1188,2023.0,2,""
E1460,2022.0,Low,No
E1304,2022.0,Low,""
E1181,2022.0,N/A,No
E1574,2022.0,NaN,""
E1939,2022.0,N/A,Yes
E1999,2022.0,Low,No
E1646,2023.0,Low,No
E1388,2023.0,2,No
E1581,2023.0,Average,Yes
E1215,2022.0,5,Yes
E1374,2023.0,High,Yes
E1489,2023.0,Average,Yes
E1738,2022.0,3,Yes
E1263,2023.0,3,N/A
E1959,2022.0,High,Yes
E1914,2022.0,NaN,No
E1007,2023.0,Average,Yes
E1909,2022.0,4,No
E1650,2022.0,Average,No
E1870,2022.0,5,N/A
E1882,2023.0,4,N/A
E1698,2022.0,2,No
E1077,2023.0,3,N/A
E1047,2022.0,N/A,No
E1724,2023.0,NaN,Yes
E1898,2022.0,N/A,No
E1910,2023.0,NaN,No
E1013,2022.0,Low,Yes
E1316,2023.0,3,N/A
E1797,2022.0,1,""
E1339,2023.0,3,Yes
E1132,2022.0,High,No
E1402,2023.0,Average,""
E1778,2023.0,High,""
E1876,2023.0,Low,Yes
E1573,2023.0,2,N/A
E1264,2023.0,4,""
E1112,2022.0,High,""
E1810,2023.0,NaN,Yes
E1606,2023.0,High,N/A
E1303,2022.0,High,No
E1198,2023.0,N/A,N/A
E1245,2022.0,4,No
E1839,2022.0,NaN,Yes
E1244,2022.0,Average,N/A
E1564,2022.0,Low,""
E1220,2022.0,High,""
E1549,2023.0,N/A,""
E1625,2023.0,2,""
E1946,2023.0,2,No
E1350,2023.0,1,Yes
E1773,2023.0,NaN,Yes
E1727,2022.0,High,No
E1345,2023.0,3,""
E1064,2023.0,2,Yes
E1036,2022.0,4,Yes
E1109,2022.0,NaN,N/A
E1839,2023.0,N/A,No
E1845,2023.0,Low,Yes
E1344,2023.0,N/A,N/A
E1403,2022.0,N/A,Yes
E1946,2022.0,5,""
E1536,2023.0,4,Yes
E1462,2023.0,N/A,No
E1613,2023.0,N/A,Yes
E1277,2023.0,3,N/A
E1748,2022.0,4,N/A
E1535,2023.0,NaN,Yes
E1286,2022.0,Low,No
E1802,2022.0,N/A,N/A
E1421,2022.0,4,""
E1205,2023.0,Low,No
E1233,2023.0,3,""
E1785,2022.0,Average,N/A
E1435,2023.0,4,No
E1572,2023.0,5,Yes
E1755,2023.0,NaN,No
E1545,2023.0,Low,N/A
E1730,2022.0,4,No
E1216,2022.0,High,No
E1682,2023.0,NaN,""
E1606,2023.0,2,N/A
E1296,2022.0,1,Yes
E1914,2022.0,1,Yes
E1113,2023.0,3,""
E1060,2022.0,5,No
E1164,2023.0,High,No
E1612,2023.0,High,""
E1089,2023.0,1,N/A
E1834,2022.0,High,Yes
E1530,2023.0,4,Yes
E1283,2022.0,Average,No
E1183,2022.0,4,N/A
E1356,2023.0,5,""
E1349,2023.0,1,No
E1725,2023.0,N/A,No
E1648,2022.0,1,N/A
E1982,2022.0,Average,No
E1584,2022.0,3,""
E1292,2023.0,5,N/A
E1828,2023.0,3,No
E1334,2023.0,3,""
E1513,2023.0,N/A,Yes
E1460,2022.0,4,No
E1971,2023.0,5,No
E1177,2023.0,3,""
E1183,2023.0,4,No
E1211,2023.0,5,""
E1018,2022.0,High,No
E1823,2023.0,N/A,""
E1951,2023.0,3,No
E1463,2023.0,5,Yes
E1793,2022.0,1,No
E1578,2022.0,Low,No
E1104,2023.0,High,No
E1716,2022.0,3,Yes
E1701,2022.0,Low,""
E1839,2022.0,3,N/A
E1962,2023.0,Low,N/A
E1776,2023.0,4,No
E1358,2022.0,5,Yes
E1558,2022.0,2,No
E1556,2023.0,High,N/A
E1161,2023.0,Average,N/A
E1048,2023.0,NaN,No
E1444,2022.0,High,No
E1487,2023.0,NaN,No
E1626,2023.0,High,Yes
E1090,2023.0,2,""
E1266,2023.0,Average,N/A
E1642,2023.0,Average,Yes
E1576,2023.0,4,N/A
E1494,2022.0,3,No
E1263,2022.0,4,N/A
E1556,2023.0,N/A,No
E1861,2022.0,4,Yes
E1535,2022.0,5,N/A
E1698,2023.0,Average,""
E1601,2023.0,Average,Yes
E1539,2023.0,5,Yes
E1379,2023.0,N/A,No
E1470,2022.0,NaN,Yes
E1591,2023.0,N/A,""
E1782,2022.0,High,N/A
E1581,2023.0,5,No
E1917,2023.0,Low,No
E1869,2022.0,1,""
E1009,2023.0,4,""
E1521,2023.0,High,Yes
E1600,2023.0,Low,No
E1242,2022.0,High,N/A
E1622,2022.0,1,No
E1393,2023.0,3,N/A
E1246,2023.0,2,N/A
E1065,2022.0,Low,No
E1333,2022.0,4,Yes
E1399,2023.0,Low,Yes
E1720,2022.0,1,Yes
E1675,2023.0,3,No
E1660,2023.0,4,No
E1480,2023.0,4,Yes
E1057,2023.0,Low,Yes
E1979,2022.0,N/A,Yes
E1972,2022.0,3,N/A
E1071,2022.0,4,Yes
E1066,2023.0,5,""
E1961,2023.0,High,No
E1612,2023.0,NaN,Yes
E1945,2023.0,3,""
E1075,2022.0,Average,No
E1767,2022.0,2,No
E1923,2022.0,N/A,Yes
E1349,2023.0,5,No
E1297,2022.0,4,""
E1071,2023.0,High,""
E1628,2023.0,3,No
E1087,2023.0,N/A,""
E1636,2023.0,4,Yes
E1553,2022.0,5,No
E1543,2023.0,Low,Yes
E1721,2023.0,NaN,""
E1672,2022.0,3,""
E1186,2022.0,5,No
E1819,2023.0,1,""
E1980,2023.0,NaN,Yes
E1259,2022.0,Low,No
E1902,2023.0,2,N/A
E1668,2023.0,Average,Yes
E1076,2023.0,N/A,""
E1929,2023.0,NaN,N/A
E1941,2022.0,2,N/A
E1964,2023.0,High,Yes
E1923,2022.0,NaN,No
E1652,2023.0,2,N/A
E1705,2023.0,Low,No
E1336,2023.0,Average,No
E1799,2023.0,Average,Yes
E1075,2023.0,NaN,N/A
E1122,2023.0,4,N/A
E1685,2023.0,NaN,N/A
E1522,2022.0,Low,""
E1842,2023.0,N/A,""
E1369,2023.0,Low,No
E1578,2022.0,High,Yes
E1505,2022.0,N/A,N/A
E1062,2023.0,High,No
E1969,2023.0,NaN,Yes
E1701,2022.0,4,Yes
E1850,2023.0,N/A,Yes
E1771,2022.0,1,No
E1109,2023.0,Average,""
E1241,2023.0,2,""
E1258,2022.0,Low,""
E1412,2022.0,NaN,""
E1081,2022.0,5,""
E1329,2023.0,3,""
E1854,2022.0,High,No
E1448,2022.0,2,N/A
E1061,2022.0,High,N/A
E1822,2023.0,Average,No
E1687,2023.0,2,""
E1219,2022.0,N/A,Yes
E1636,2023.0,5,No
E1852,2023.0,Average,No
E1028,2023.0,5,No
E1490,2022.0,Average,""
E1471,2022.0,1,Yes
E1769,2023.0,N/A,Yes
E1911,2023.0,Low,Yes
E1600,2022.0,N/A,No
E1011,2023.0,4,""
E1345,2023.0,1,No
E1878,2022.0,N/A,N/A
E1679,2022.0,N/A,N/A
E1545,2023.0,N/A,Yes
E1569,2023.0,3,Yes
E1800,2022.0,5,Yes
E1293,2022.0,NaN,N/A
E1649,2023.0,High,No
E1626,2023.0,4,N/A
E1328,2022.0,2,N/A
E1023,2023.0,3,N/A
E1359,2023.0,High,No
E1107,2023.0,5,N/A
E1590,2023.0,1,N/A
E1771,2022.0,N/A,No
E1627,2022.0,High,""
E1640,2022.0,4,No
E1006,2023.0,3,No
E1862,2022.0,Low,N/A
E1532,2023.0,N/A,N/A
E1723,2022.0,NaN,""
E1180,2022.0,3,N/A
E1894,2023.0,2,""
E1219,2023.0,4,No
E1096,2023.0,Low,Yes
E1537,2023.0,Average,N/A
E1749,2023.0,5,No
E1202,2022.0,NaN,No
E1163,2022.0,Average,N/A
E1200,2022.0,N/A,""
E1982,2022.0,2,No
E1910,2023.0,Average,No
E1474,2023.0,Average,""
E1590,2022.0,2,""
E1254,2023.0,4,N/A
E1530,2022.0,High,No
E1613,2022.0,1,Yes
E1973,2023.0,3,""
E1952,2022.0,Low,Yes
E1351,2023.0,Average,N/A
E1752,2023.0,Average,No
E1113,2023.0,N/A,Yes
E1237,2022.0,Average,Yes
E1232,2022.0,N/A,Yes
E1025,2023.0,5,""
E1032,2022.0,NaN,""
E1241,2022.0,Average,""
E1190,2023.0,4,No
E1132,2022.0,High,N/A
E1496,2023.0,NaN,N/A
E1678,2022.0,2,N/A
E1687,2022.0,Low,""
E1275,2023.0,N/A,N/A
E1342,2023.0,5,""
E1253,2023.0,N/A,N/A
E1734,2022.0,Average,No
E1575,2023.0,Average,No
E1640,2023.0,Low,No
E1672,2022.0,1,N/A
E1088,2023.0,N/A,""
E1482,2023.0,N/A,N/A
E1926,2022.0,5,N/A
E1112,2022.0,3,N/A
E1145,2023.0,High,""
E1827,2023.0,1,N/A
E1909,2023.0,N/A,Yes
E1266,2023.0,High,Yes
E1819,2022.0,5,""
E1663,2023.0,5,Yes
E1055,2022.0,High,No
E1617,2023.0,5,N/A
E1434,2022.0,Average,N/A
E1556,2023.0,N/A,""
E1606,2022.0,High,No
E1711,2023.0,4,Yes
E1575,2023.0,NaN,N/A
E1032,2022.0,N/A,No
E1371,2023.0,2,N/A
E1568,2023.0,4,Yes
E1961,2022.0,Average,Yes
E1049,2023.0,Average,No
E1639,2023.0,5,""
E1336,2023.0,3,Yes
E1781,2023.0,4,""
E1177,2022.0,Low,""
E1846,2023.0,NaN,No
E1683,2023.0,NaN,Yes
E1474,2022.0,3,No
E1603,2022.0,Average,Yes
E1072,2023.0,2,N/A
E1169,2022.0,3,Yes
E1233,2022.0,NaN,Yes
E1460,2022.0,Average,No
E1742,2023.0,High,Yes
E1471,2023.0,3,""
E1593,2022.0,High,""
E1311,2022.0,Low,Yes
E1644,2023.0,5,Yes
E1029,2022.0,1,""
E1625,2022.0,5,N/A
E1984,2023.0,2,""
E1569,2022.0,High,No
E1601,2022.0,1,""
E1564,2022.0,Low,""
E1350,2022.0,3,Yes
E1455,2023.0,5,""
E1705,2022.0,Low,Yes
E1467,2023.0,N/A,Yes
E1692,2022.0,3,""
E1154,2022.0,High,No
E1298,2023.0,4,""
E1291,2022.0,4,N/A
E1050,2023.0,N/A,No
E1541,2022.0,NaN,Yes
E1841,2022.0,3,Yes
E1791,2023.0,Average,No
E1980,2023.0,High,No
E1225,2023.0,3,""
E1452,2023.0,Low,""
E1473,2022.0,N/A,N/A
E1597,2022.0,NaN,Yes
E1929,2022.0,Low,Yes
E1455,2022.0,4,N/A
E1774,2022.0,NaN,N/A
E1390,2023.0,Low,""
E1146,2023.0,2,N/A
E1912,2023.0,5,""
E1851,2022.0,Low,No
E1782,2023.0,5,Yes
E1726,2022.0,NaN,""
E1037,2022.0,High,""
E1384,2023.0,1,No
E1360,2023.0,N/A,N/A
E1028,2023.0,5,No
E1783,2022.0,Average,Yes
E1995,2022.0,4,""
E1177,2022.0,NaN,N/A
E1776,2023.0,High,No
E1275,2022.0,5,No
E1670,2023.0,1,No
E1608,2023.0,4,N/A
E1021,2023.0,2,""
E1967,2023.0,3,No
E1165,2023.0,3,N/A
E1165,2022.0,NaN,""
E1596,2023.0,N/A,N/A
E1643,2022.0,High,Yes
E1728,2023.0,High,No
E1253,2023.0,3,Yes
E1479,2022.0,NaN,""
E1550,2022.0,4,Yes
E1760,2022.0,3,N/A
E1426,2023.0,5,N/A
E1699,2023.0,N/A,N/A
E1535,2022.0,5,No
E1405,2022.0,NaN,Yes
E1339,2022.0,Low,""
E1790,2023.0,N/A,No
E1984,2022.0,Average,Yes
E1517,2023.0,High,No
E1667,2023.0,Average,N/A
E1128,2022.0,4,""
E1730,2022.0,4,No
E1523,2023.0,5,N/A
E1820,2023.0,N/A,N/A
E1199,2022.0,High,N/A
E1280,2023.0,Low,""
E1040,2023.0,2,""
E1432,2023.0,1,""
E1092,2023.0,4,""
E1555,2022.0,NaN,""
E1852,2023.0,4,No
E1433,2023.0,NaN,Yes
E1003,2022.0,NaN,N/A
E1436,2023.0,Average,N/A
E1576,2023.0,2,Yes
E1940,2023.0,Low,N/A
E1118,2022.0,NaN,N/A
E1690,2023.0,1,Yes
E1450,2022.0,1,""
E1477,2023.0,N/A,Yes
E1223,2022.0,1,Yes
E1477,2023.0,High,""
E1735,2022.0,4,No
E1829,2023.0,4,N/A
E1849,2023.0,NaN,""
E1206,2023.0,2,No
E1097,2023.0,1,""
E1121,2022.0,2,No
E1453,2022.0,2,""
E1004,2023.0,4,Yes
E1064,2022.0,Low,N/A
E1303,2022.0,NaN,N/A
E1762,2023.0,Average,""
E1960,2023.0,N/A,N/A
E1213,2023.0,Average,N/A
E1176,2022.0,N/A,""
E1832,2023.0,NaN,""
E1049,2023.0,High,No
E1770,2023.0,NaN,""
E1893,2023.0,N/A,Yes
E1713,2022.0,2,No
E1927,2022.0,5,No
E1078,2022.0,5,""
E1967,2023.0,Average,Yes
E1347,2022.0,Average,No
E1437,2022.0,NaN,Yes
E1742,2022.0,1,N/A
E1655,2023.0,2,""
E1558,2022.0,High,No
E1918,2023.0,1,N/A
E1955,2023.0,1,N/A
E1969,2022.0,1,N/A
E1335,2023.0,1,Yes
E1481,2022.0,3,""
E1983,2022.0,1,No
E1225,2022.0,5,Yes
E1973,2022.0,3,No
E1522,2022.0,5,""
E1591,2022.0,NaN,No
E1949,2022.0,2,""
E1419,2023.0,NaN,No
E1881,2023.0,5,Yes
E1514,2022.0,N/A,No
E1248,2022.0,4,N/A
E1291,2023.0,1,""
E1448,2023.0,Low,N/A
E1217,2022.0,N/A,N/A
E1689,2022.0,3,N/A
E1848,2023.0,Low,Yes
E1815,2023.0,Low,Yes
E1973,2022.0,High,No
E1195,2023.0,3,N/A
E1904,2023.0,N/A,""
E1693,2022.0,5,No
E1635,2023.0,High,Yes
E1513,2022.0,2,No
E1626,2023.0,Average,Yes
E1359,2022.0,NaN,No
E1446,2023.0,4,No
E1134,2022.0,3,""
E1078,2023.0,1,No
E1964,2022.0,2,No
E1654,2023.0,NaN,No
E1891,2023.0,N/A,Yes
E1653,2022.0,Average,Yes
E1103,2023.0,3,No
E1744,2023.0,1,Yes
E1793,2022.0,NaN,""
E1637,2022.0,High,N/A
E1322,2023.0,NaN,Yes
E1752,2022.0,3,Yes
E1957,2023.0,N/A,Yes
E1285,2023.0,N/A,Yes
E1222,2023.0,2,No
E1808,2022.0,NaN,Yes
E1835,2022.0,High,N/A
E1236,2022.0,3,No
E1901,2023.0,High,""
E1858,2023.0,Low,""
E1541,2022.0,5,Yes
E1023,2023.0,Average,N/A
E1519,2023.0,1,N/A
E1423,2023.0,N/A,No
E1678,2022.0,Average,""
E1058,2022.0,Average,No
E1455,2023.0,Average,Yes
E1809,2022.0,NaN,Yes
E1366,2022.0,1,N/A
E1346,2023.0,NaN,Yes
E1697,2023.0,N/A,N/A
E1364,2022.0,5,Yes
E1994,2022.0,NaN,N/A
E1374,2022.0,Low,N/A
E1201,2023.0,2,""
E1122,2023.0,Low,Yes
E1865,2022.0,NaN,No
E1817,2022.0,High,N/A
E1239,2023.0,3,Yes
E1716,2023.0,N/A,No
E1630,2023.0,N/A,Yes
E1349,2023.0,High,Yes
E1288,2023.0,NaN,N/A
E1845,2022.0,Low,No
E1528,2022.0,3,Yes
E1980,2022.0,NaN,No
E1463,2022.0,5,""
E1459,2023.0,NaN,N/A
E1492,2023.0,High,No
E1673,2022.0,2,Yes
E1332,2023.0,5,Yes
E1054,2023.0,4,No
E1836,2022.0,NaN,No
E1825,2022.0,High,Yes
E1303,2022.0,High,No
E1697,2023.0,High,""
E1139,2022.0,1,N/A
E1844,2022.0,NaN,Yes
E1514,2023.0,N/A,N/A
E1299,2023.0,1,No
E1637,2022.0,3,Yes
E1372,2022.0,4,No
E1323,2023.0,3,No
E1991,2023.0,Average,No
E1543,2022.0,5,""
E1063,2023.0,Average,N/A
E1399,2023.0,4,Yes
E1104,2022.0,Low,Yes
E1286,2023.0,NaN,N/A
E1332,2023.0,4,Yes
E1543,2023.0,5,No
E1014,2022.0,4,N/A
E1402,2023.0,Low,N/A
E1319,2022.0,4,Yes
E1638,2023.0,Average,No
E1874,2022.0,Average,No
E1885,2022.0,1,No
E1729,2022.0,N/A,Yes
E1398,2022.0,N/A,N/A
E1059,2023.0,5,No
E1064,2022.0,N/A,Yes
E1859,2023.0,3,""
E1622,2022.0,NaN,No
E1104,2023.0,4,""
E1185,2022.0,Low,No
E1742,2022.0,4,""
E1703,2022.0,N/A,""
E1129,2022.0,3,No
E1464,2022.0,5,N/A
E1423,2022.0,1,N/A
E1919,2023.0,Low,N/A
E1587,2022.0,2,""
E1722,2023.0,1,No
E1957,2022.0,4,No
E1014,2022.0,NaN,N/A
E1068,2022.0,5,No
E1700,2022.0,2,No
E1422,2023.0,3,No
E1266,2022.0,5,""
E1779,2023.0,1,Yes
E1566,2023.0,N/A,Yes
E1126,2022.0,Average,""
E1069,2023.0,2,No
E1706,2022.0,High,""
E1962,2023.0,NaN,Yes
E1210,2022.0,3,N/A
E1826,2023.0,3,N/A
E1872,2023.0,3,""
E1245,2023.0,Average,N/A
E1039,2022.0,4,""
E1896,2023.0,N/A,Yes
E1571,2022.0,1,""
E1226,2023.0,4,N/A
E1772,2022.0,Low,No
E1903,2023.0,4,No
E1259,2023.0,5,Yes
E1376,2022.0,Low,No
E1623,2022.0,3,No
E1129,2022.0,3,No
E1955,2023.0,High,No
E1338,2023.0,5,N/A
E1290,2022.0,4,""
E1796,2023.0,5,Yes
E1990,2022.0,NaN,Yes
E1698,2022.0,Low,Yes
E1832,2022.0,5,No
E1327,2023.0,2,Yes
E1899,2022.0,Average,N/A
E1269,2022.0,Average,No
E1290,2023.0,3,""
E1617,2023.0,5,No
E1100,2023.0,4,N/A
E1052,2022.0,Average,No
E1381,2022.0,1,No
E1899,2022.0,N/A,Yes
E1231,2023.0,NaN,No
E1576,2022.0,Low,Yes
E1849,2023.0,3,No
E1333,2022.0,High,Yes
E1110,2022.0,NaN,Yes
E1140,2023.0,1,No
E1939,2023.0,High,No
E1322,2022.0,NaN,No
E1841,2022.0,High,No
E1354,2022.0,Low,No
E1222,2022.0,4,""
E1564,2023.0,N/A,N/A
E1842,2022.0,2,No
E1134,2022.0,N/A,Yes
E1477,2023.0,High,No
E1379,2023.0,2,Yes
E1344,2023.0,3,N/A
E1816,2023.0,1,""
E1324,2022.0,N/A,No
E1547,2023.0,3,Yes
E1160,2022.0,Average,N/A
E1355,2023.0,1,N/A
E1886,2023.0,N/A,""
E1430,2023.0,Average,N/A
E1472,2023.0,NaN,""
E1098,2022.0,High,Yes
E1027,2022.0,3,""
E1218,2022.0,Average,Yes
E1322,2022.0,5,""
E1212,2023.0,5,Yes
E1312,2023.0,5,N/A
E1778,2023.0,NaN,Yes
E1349,2022.0,Low,N/A
E1560,2023.0,NaN,N/A
E1844,2022.0,Average,N/A
E1984,2023.0,High,""
E1515,2023.0,5,No
E1250,2022.0,High,Yes
E1125,2022.0,N/A,""
E1257,2023.0,Average,No
E1169,2023.0,1,Yes
E1758,2023.0,Low,N/A
E1508,2023.0,N/A,No
E1776,2023.0,N/A,N/A
E1118,2023.0,3,Yes
E1128,2022.0,3,""
E1591,2022.0,2,Yes
E1571,2022.0,5,Yes
E1504,2022.0,3,N/A
E1166,2023.0,High,No
E1272,2022.0,Low,Yes
E1473,2022.0,3,N/A
E1515,2022.0,4,N/A
E1309,2022.0,2,Yes
E1286,2022.0,1,""
E1655,2023.0,5,No
E1141,2022.0,Average,""
E1305,2023.0,4,N/A
E1906,2022.0,3,N/A
E1693,2022.0,Average,""
E1097,2023.0,2,""
E1689,2023.0,High,No
E1862,2023.0,N/A,No
E1994,2023.0,Low,Yes
E1311,2022.0,2,""
E1801,2023.0,High,N/A
E1071,2022.0,2,Yes
E1158,2023.0,5,No
E1422,2022.0,Average,N/A
E1933,2022.0,2,Yes
E1692,2022.0,2,No
E1991,2022.0,High,Yes
E1516,2023.0,3,No
E1298,2023.0,Average,Yes
E1015,2022.0,N/A,N/A
E1049,2022.0,High,No
E1547,2022.0,Low,""
E1534,2023.0,Average,No
E1013,2022.0,Low,Yes
E1498,2022.0,NaN,N/A
E1094,2023.0,5,Yes
E1331,2023.0,2,N/A
E1995,2023.0,4,N/A
E1607,2023.0,1,No
E1162,2023.0,4,No
E1487,2022.0,NaN,N/A
E1007,2023.0,N/A,""
E1634,2022.0,N/A,No
E1186,2022.0,2,Yes
E1810,2022.0,N/A,Yes
E1510,2022.0,NaN,Yes
E1301,2022.0,Low,""
E1894,2023.0,High,""
E1028,2023.0,N/A,""
E1458,2023.0,NaN,No
E1223,2023.0,3,No
E1606,2022.0,4,No
E1164,2023.0,3,No
E1304,2023.0,N/A,No
E1587,2022.0,1,""
E1167,2023.0,N/A,N/A
E1341,2023.0,NaN,Yes
E1300,2022.0,Low,N/A
E1689,2022.0,Low,No
E1058,2023.0,NaN,N/A
E1332,2023.0,Average,Yes
E1899,2022.0,5,No
E1207,2022.0,Low,""
E1017,2023.0,Average,No
E1553,2022.0,5,Yes
E1025,2022.0,Average,N/A
E1343,2022.0,1,N/A
E1269,2023.0,N/A,No
E1846,2023.0,1,""
E1054,2022.0,3,""
E1501,2022.0,4,Yes
E1479,2023.0,NaN,No
E1464,2022.0,Average,No
E1280,2022.0,NaN,N/A
E1597,2022.0,3,N/A
E1799,2022.0,4,Yes
E1639,2023.0,NaN,N/A
E1091,2022.0,N/A,Yes
E1386,2022.0,3,No
E1992,2023.0,2,N/A
E1783,2022.0,5,""
E1287,2022.0,1,""
E1445,2023.0,3,N/A
E1325,2023.0,N/A,""
E1009,2022.0,3,""
E1782,2023.0,Average,No
E1369,2022.0,1,N/A
E1378,2022.0,NaN,N/A
E1970,2022.0,4,No
E1132,2023.0,2,No
E1819,2022.0,1,No
E1522,2023.0,Low,Yes
E1388,2022.0,4,""
E1881,2023.0,High,No
E1272,2023.0,N/A,No
E1045,2022.0,Average,No
E1077,2022.0,1,Yes
E1444,2023.0,Low,N/A
E1803,2023.0,2,N/A
E1680,2023.0,2,""
E1580,2022.0,2,Yes
E1717,2023.0,Low,No
E1034,2022.0,High,N/A
E1160,2022.0,2,No
E1164,2023.0,Average,No
E1809,2023.0,Average,""
E1074,2022.0,N/A,""
E1254,2023.0,N/A,""
E1049,2022.0,4,No
E1599,2023.0,1,N/A
E1390,2022.0,4,No
E1758,2023.0,3,""
E1108,2023.0,N/A,N/A
E1169,2022.0,Low,Yes
E1958,2023.0,5,Yes
E1846,2023.0,4,""
E1544,2022.0,3,""
E1589,2023.0,1,Yes
E1830,2023.0,1,Yes
E1685,2023.0,High,No
E1232,2022.0,4,Yes
E1958,2023.0,High,""
E1649,2023.0,3,Yes
E1234,2023.0,4,No
E1642,2022.0,N/A,No
E1579,2022.0,Low,Yes
E1364,2022.0,Low,Yes
E1490,2022.0,3,N/A
E1993,2022.0,High,""
E1563,2022.0,1,N/A
E1695,2023.0,NaN,Yes
E1987,2023.0,1,""
E1929,2023.0,2,No
E1259,2022.0,Average,N/A
E1054,2022.0,2,N/A
E1434,2022.0,5,No
E1554,2023.0,1,""
E1797,2023.0,4,Yes
E1682,2022.0,1,Yes
E1458,2023.0,2,N/A
E1636,2022.0,4,""
E1356,2022.0,N/A,""
E1862,2023.0,3,N/A
E1265,2023.0,2,N/A
E1515,2022.0,Average,Yes
E1510,2023.0,4,N/A
E1788,2022.0,Average,No
E1867,2023.0,Average,No
E1185,2023.0,NaN,No
E1070,2023.0,N/A,N/A
E1917,2023.0,Low,N/A
E1038,2022.0,4,N/A
E1354,2022.0,NaN,N/A
E1366,2022.0,N/A,""
E1126,2023.0,2,""
E1045,2022.0,5,""
E1626,2022.0,3,N/A
E1188,2022.0,Average,""
E1519,2022.0,1,""
E1442,2023.0,1,Yes
E1375,2022.0,1,No
E1289,2023.0,NaN,Yes
E1357,2023.0,4,Yes
E1952,2023.0,Low,N/A
E1910,2022.0,2,No
E1583,2022.0,High,N/A
E1407,2022.0,1,Yes
E1620,2022.0,High,N/A
E1938,2023.0,Low,""
E1738,2022.0,Low,""
E1219,2023.0,N/A,No
E1968,2022.0,High,N/A
E1663,2023.0,2,""
E1008,2023.0,1,Yes
E1430,2022.0,NaN,""
E1409,2022.0,Average,Yes
E1819,2023.0,4,No
E1603,2022.0,2,No
E1748,2022.0,N/A,No
E1150,2023.0,5,No
E1508,2022.0,4,Yes
E1963,2023.0,2,No
E1039,2023.0,3,""
E1034,2022.0,2,""
E1607,2023.0,N/A,Yes
E1387,2023.0,3,Yes
E1993,2022.0,N/A,No
E1507,2023.0,4,No
E1945,2022.0,1,Yes
E1844,2023.0,3,""
E1724,2023.0,NaN,""
E1849,2022.0,High,N/A
E1805,2023.0,4,""
E1915,2022.0,NaN,Yes
E1534,2022.0,NaN,""
E1711,2022.0,NaN,No
E1157,2022.0,5,No
E1214,2023.0,N/A,N/A
E1339,2023.0,Average,Yes
E1690,2023.0,4,Yes
E1255,2022.0,NaN,Yes
E1639,2023.0,Average,""
E1957,2022.0,2,""
E1469,2023.0,4,Yes
E1642,2022.0,5,Yes
E1794,2023.0,N/A,N/A
E1632,2022.0,5,Yes
E1294,2022.0,4,N/A
E1565,2022.0,High,N/A
E1222,2023.0,4,No
E1798,2022.0,5,Yes
E1797,2022.0,4,N/A
E1219,2022.0,NaN,Yes
E1068,2022.0,Average,No
E1063,2022.0,Low,""
E1985,2022.0,NaN,Yes
E1332,2022.0,5,""
E1899,2022.0,Low,""
E1540,2022.0,Low,N/A
E1380,2022.0,N/A,Yes
E1632,2023.0,5,Yes
E1598,2022.0,Low,N/A
E1829,2022.0,4,""
E1253,2022.0,1,Yes
E1589,2022.0,1,No
E1361,2023.0,NaN,N/A
E1624,2022.0,Average,""
E1152,2022.0,1,No
E1391,2023.0,NaN,N/A
E1761,2022.0,High,Yes
E1451,2022.0,Average,""
E1823,2023.0,5,No
E1207,2022.0,Low,""
E1212,2023.0,3,No
E1271,2023.0,High,""
E1752,2022.0,NaN,No
E1072,2022.0,1,Yes
E1902,2022.0,2,""
E1296,2022.0,Average,No
E1603,2022.0,4,Yes
E1413,2022.0,1,""
E1959,2022.0,3,""
E1014,2023.0,5,No
E1381,2023.0,Low,No
E1790,2023.0,2,""
E1361,2023.0,N/A,No
E1218,2023.0,Low,N/A
E1983,2022.0,1,N/A
E1432,2022.0,Low,Yes
E1550,2023.0,N/A,No
E1718,2022.0,4,""
E1374,2023.0,2,Yes
E1635,2022.0,3,N/A
E1438,2022.0,5,""
E1973,2022.0,Low,Yes
E1174,2022.0,N/A,""
E1320,2023.0,2,""
E1597,2023.0,4,No
E1784,2022.0,4,""
E1195,2023.0,1,N/A
E1665,2022.0,5,N/A
E1236,2022.0,High,""
E1106,2022.0,3,""
E1444,2022.0,5,Yes
E1224,2023.0,2,N/A
E1466,2022.0,N/A,No
E1694,2022.0,2,No
E1758,2023.0,NaN,N/A
E1606,2022.0,NaN,""
E1102,2023.0,Low,Yes
E1725,2022.0,N/A,No
E1119,2022.0,Low,""
E1515,2022.0,3,No
E1766,2022.0,1,No
E1109,2023.0,4,""
E1562,2023.0,Average,Yes
E1938,2022.0,2,N/A
E1870,2022.0,1,""
E1555,2022.0,NaN,Yes
E1414,2023.0,4,No
E1030,2023.0,5,""
E1691,2022.0,Average,N/A
E1089,2023.0,1,Yes
E1046,2023.0,1,No
E1045,2022.0,NaN,""
E1085,2022.0,NaN,Yes
E1590,2023.0,NaN,""
E1873,2022.0,N/A,No
E1926,2022.0,4,Yes
E1036,2022.0,3,No
E1127,2023.0,Low,""
E1194,2022.0,Average,Yes
E1302,2023.0,2,No
E1185,2023.0,2,N/A
E1731,2023.0,NaN,N/A
E1594,2023.0,Low,""
E1269,2023.0,High,Yes
E1071,2022.0,1,N/A
E1156,2023.0,NaN,""
E1436,2023.0,2,N/A
E1665,2022.0,N/A,""
E1263,2022.0,1,""
E1552,2022.0,4,Yes
E1593,2022.0,High,No
E1406,2022.0,2,Yes
E1209,2023.0,Average,Yes
E1913,2022.0,NaN,N/A
E1771,2023.0,5,""
E1495,2022.0,Low,No
E1348,2023.0,N/A,""
E1845,2022.0,NaN,""
E1987,2023.0,4,N/A
E1019,2022.0,5,Yes
E1109,2023.0,1,No
E1833,2023.0,5,N/A
E1996,2022.0,High,No
E1969,2022.0,Average,No
E1759,2022.0,N/A,Yes
E1002,2023.0,1,N/A
E1566,2023.0,4,No
E1356,2022.0,5,""
E1274,2023.0,N/A,N/A
E1635,2022.0,N/A,No
E1964,2023.0,High,N/A
E1887,2022.0,Low,""
E1022,2023.0,2,N/A
E1118,2022.0,High,N/A
E1692,2022.0,Low,N/A
E1451,2023.0,5,N/A
E1431,2022.0,Average,Yes
E1666,2023.0,5,Yes
E1438,2023.0,3,""
E1133,2022.0,Average,""
E1922,2022.0,High,No
E1862,2022.0,5,No
E1507,2023.0,4,Yes
E1955,2022.0,5,Yes
E1934,2022.0,Average,No
E1252,2022.0,2,N/A
E1565,2023.0,5,N/A
E1446,2022.0,NaN,""
E1014,2022.0,Average,Yes
E1080,2022.0,Low,N/A
E1862,2023.0,NaN,No
E1359,2022.0,1,""
E1689,2023.0,Average,No
E1869,2022.0,Average,""
E1823,2023.0,NaN,""
E1369,2023.0,1,Yes
E1834,2022.0,2,""
E1483,2023.0,5,""
E1799,2022.0,N/A,Yes
E1102,2023.0,5,N/A
E1395,2022.0,1,Yes
E1439,2023.0,4,N/A
E1516,2023.0,High,""
E1552,2023.0,4,N/A
E1509,2022.0,4,No
E1485,2023.0,3,""
E1682,2023.0,4,""
E1162,2023.0,Average,N/A
E1448,2023.0,NaN,Yes
E1275,2023.0,4,No
E1902,2022.0,2,No
E1243,2022.0,N/A,""
E1923,2022.0,Average,No
E1538,2022.0,2,No
E1273,2022.0,High,Yes
E1178,2022.0,4,""
E1661,2023.0,Low,""
E1388,2022.0,1,No
E1480,2022.0,N/A,N/A
E1234,2023.0,N/A,Yes
E1965,2022.0,3,Yes
E1701,2022.0,N/A,""
E1832,2023.0,1,Yes
E1074,2022.0,5,N/A
E1044,2022.0,5,""
E1906,2022.0,High,Yes
E1039,2022.0,1,""
E1289,2022.0,NaN,""
E1488,2023.0,NaN,""
E1016,2022.0,N/A,Yes
E1366,2023.0,N/A,""
E1490,2023.0,Low,Yes
E1908,2022.0,Low,N/A
E1307,2023.0,High,No
E1877,2022.0,2,Yes
E1208,2023.0,High,Yes
E1463,2023.0,Low,""
E1625,2022.0,5,No
E1574,2023.0,Low,Yes
E1603,2023.0,5,""
E1114,2022.0,Average,N/A
E1020,2023.0,4,N/A
E1695,2022.0,Low,Yes
E1932,2022.0,4,N/A
E1732,2022.0,High,""
E1144,2023.0,N/A,N/A
E1462,2022.0,2,No
E1732,2022.0,N/A,No
E1984,2023.0,NaN,Yes
E1269,2023.0,N/A,No
E1195,2022.0,High,No
E1225,2023.0,Low,""
E1510,2022.0,Low,No
E1265,2023.0,High,No
E1942,2022.0,Average,No
E1063,2022.0,Low,""
E1087,2023.0,3,No
E1018,2023.0,High,No
E1187,2022.0,1,No
E1525,2023.0,Average,""
E1437,2022.0,N/A,N/A
E1783,2023.0,2,Yes
E1954,2023.0,NaN,No
E1326,2023.0,3,""
E1198,2023.0,High,No
E1960,2023.0,3,Yes
E1906,2022.0,3,N/A
E1463,2023.0,High,No
E1773,2023.0,4,Yes
E1418,2022.0,3,Yes
E1472,2022.0,1,N/A
E1267,2022.0,NaN,No
E1585,2023.0,1,N/A
E1182,2023.0,N/A,""
E1493,2023.0,2,N/A
E1647,2022.0,3,""
E1174,2022.0,2,Yes
E1884,2022.0,Low,""
E1852,2023.0,4,Yes
E1430,2023.0,N/A,No
E1718,2022.0,High,""
E1240,2022.0,2,No
E1722,2023.0,4,Yes
E1861,2022.0,N/A,N/A
E1457,2022.0,1,""
E1502,2022.0,Low,No
E1104,2022.0,Average,N/A
E1885,2023.0,4,No
E1129,2023.0,3,N/A
E1754,2022.0,2,Yes
E1276,2023.0,NaN,""
E1921,2023.0,NaN,""
E1382,2022.0,NaN,Yes
E1540,2023.0,1,No
E1556,2022.0,NaN,Yes
E1932,2023.0,4,Yes
E1064,2023.0,2,N/A
E1454,2023.0,5,Yes
E1508,2023.0,Average,N/A
E1977,2022.0,Average,Yes
E1457,2022.0,High,N/A
E1155,2023.0,3,No
E1935,2022.0,5,""
E1448,2022.0,3,N/A
E1005,2023.0,High,Yes
E1926,2023.0,N/A,N/A
E1269,2022.0,NaN,No
E1016,2022.0,4,N/A
E1760,2022.0,5,N/A
E1182,2023.0,2,N/A
E1515,2023.0,Average,N/A
E1841,2022.0,3,""
E1100,2023.0,N/A,N/A
E1606,2023.0,4,""
E1815,2022.0,1,No
E1409,2022.0,Low,""
E1780,2022.0,2,N/A
E1893,2022.0,High,N/A
E1483,2022.0,Average,""
E1603,2023.0,Low,Yes
E1918,2023.0,N/A,""
E1145,2023.0,High,Yes
E1776,2022.0,1,""
E1006,2022.0,3,""
E1519,2022.0,NaN,No
E1989,2023.0,1,Yes
E1528,2023.0,High,No
E1308,2023.0,N/A,Yes
E1968,2022.0,5,Yes
E1937,2022.0,High,No
E1026,2023.0,4,N/A
E1790,2023.0,2,No
E1078,2023.0,Low,""
E1292,2022.0,NaN,Yes
E1703,2022.0,Low,Yes
E1180,2022.0,4,No
E1872,2023.0,1,Yes
E1156,2023.0,High,Yes
E1814,2023.0,Low,No
E1774,2022.0,1,No
E1626,2022.0,2,Yes
E1861,2023.0,Low,No
E1288,2023.0,1,Yes
E1675,2022.0,4,No
E1276,2023.0,N/A,Yes
E1088,2022.0,3,""
E1432,2022.0,2,N/A
E1264,2023.0,N/A,""
E1222,2022.0,3,""
E1770,2023.0,3,""
E1880,2023.0,4,""
E1368,2023.0,N/A,N/A
E1745,2022.0,NaN,N/A
E1074,2022.0,Low,N/A
E1891,2023.0,1,No
E1635,2023.0,N/A,N/A
E1739,2022.0,NaN,""
E1362,2023.0,4,Yes
E1131,2023.0,High,""
E1556,2023.0,NaN,N/A
E1484,2022.0,4,No
E1941,2023.0,4,No
E1949,2022.0,2,Yes
E1209,2022.0,Average,""
E1785,2022.0,4,""
E1319,2023.0,Low,""
E1979,2022.0,NaN,N/A
E1860,2023.0,1,""
E1927,2022.0,Low,No
E1698,2022.0,N/A,""
E1749,2022.0,5,N/A
E1734,2022.0,N/A,Yes
E1757,2023.0,Low,No
E1530,2022.0,High,N/A
E1619,2023.0,5,""
E1896,2023.0,N/A,Yes
E1859,2023.0,3,No
E1331,2022.0,3,No
E1303,2023.0,Low,No
E1430,2022.0,N/A,""
E1771,2022.0,N/A,No
E1281,2022.0,4,No
E1154,2023.0,Average,No
E1191,2022.0,High,""
E1479,2022.0,1,Yes
E1321,2022.0,Low,""
E1508,2022.0,NaN,""
E1874,2023.0,NaN,Yes
E1760,2023.0,NaN,Yes
E1409,2022.0,5,""
E1847,2023.0,2,""
E1855,2023.0,Low,""
E1200,2022.0,Average,No
E1358,2022.0,5,N/A
E1830,2022.0,4,Yes
E1621,2022.0,Average,Yes
E1403,2023.0,2,No
E1902,2023.0,High,""
E1490,2022.0,High,N/A
E1170,2023.0,1,Yes
E1617,2022.0,2,""
E1471,2022.0,5,No
E1802,2022.0,4,N/A
E1960,2023.0,3,N/A
E1968,2022.0,NaN,No
E1350,2022.0,1,No
E1154,2022.0,NaN,""
E1001,2023.0,Low,""
E1848,2022.0,Low,N/A
E1038,2022.0,N/A,""
E1771,2022.0,Low,No
E1543,2022.0,Low,Yes
E1259,2023.0,5,No
E1086,2022.0,Average,Yes
E1890,2023.0,5,N/A
E1754,2022.0,3,No
E1520,2022.0,4,N/A
E1310,2022.0,High,Yes
E1375,2022.0,Low,No
E1967,2022.0,4,""
E1273,2023.0,NaN,""
E1346,2023.0,NaN,No
E1108,2022.0,N/A,""
E1066,2022.0,4,No
E1076,2022.0,3,Yes
E1535,2023.0,NaN,No
E1590,2023.0,4,No
E1267,2023.0,4,Yes
E1213,2023.0,1,""
E1997,2023.0,5,No
E1485,2023.0,Average,No
E1803,2022.0,1,No
E1846,2022.0,Average,N/A
E1654,2022.0,4,Yes
E1732,2022.0,N/A,No
E1839,2023.0,3,""
E1212,2023.0,NaN,No
E1997,2022.0,3,Yes
E1946,2023.0,High,""
E1685,2023.0,2,Yes
E1655,2023.0,2,No
E1176,2022.0,2,""
E1024,2023.0,NaN,N/A
E1510,2023.0,Average,No
E1204,2022.0,4,""
E1225,2023.0,4,Yes
E1454,2023.0,Average,Yes
E1497,2023.0,Low,N/A
E1529,2022.0,3,N/A
E1885,2023.0,High,""
E1376,2022.0,Average,""
E1276,2023.0,4,Yes
E1909,2022.0,2,N/A
E1936,2023.0,3,""
E1539,2023.0,5,""
E1216,2023.0,3,""
E1137,2023.0,4,No
E1974,2023.0,1,N/A
E1072,2023.0,Low,Yes
E1160,2022.0,4,No
E1067,2022.0,High,""
E1014,2023.0,Average,Yes
E1940,2022.0,4,Yes
E1252,2023.0,4,No
E1046,2023.0,Low,""
E1603,2023.0,Average,No
E1911,2023.0,5,""
E1207,2022.0,5,""
E1511,2022.0,3,N/A
E1944,2023.0,1,Yes
E1884,2022.0,Low,No
E1804,2022.0,5,N/A
E1194,2022.0,1,N/A
E1505,2022.0,5,""
E1098,2023.0,N/A,Yes
E1065,2023.0,2,No
E1504,2022.0,High,No
E1409,2023.0,2,""
E1355,2023.0,High,Yes
E1208,2023.0,NaN,N/A
E1677,2023.0,N/A,""
E1853,2022.0,NaN,""
E1806,2023.0,4,No
E1189,2022.0,1,N/A
E1506,2023.0,2,Yes
E1119,2022.0,Low,No
E1771,2023.0,1,""
E1999,2023.0,High,Yes
E1807,2022.0,3,No
E1602,2022.0,4,No
E1005,2023.0,3,No
E1853,2022.0,NaN,N/A
E1997,2023.0,3,N/A
E1023,2023.0,1,Yes
E1435,2023.0,2,Yes
E1674,2023.0,Average,No
E1734,2022.0,Average,No
E1915,2022.0,N/A,N/A
E1988,2022.0,4,N/A
E1068,2023.0,N/A,Yes
E1764,2022.0,4,N/A
E1611,2023.0,Low,""
E1608,2022.0,NaN,No
E1147,2023.0,Average,Yes
E1735,2022.0,3,N/A
E1072,2023.0,4,Yes
E1194,2023.0,1,N/A
E1787,2023.0,5,Yes
E1004,2022.0,Low,Yes
E1082,2023.0,4,N/A
E1794,2023.0,5,""
E1071,2022.0,2,No
E1700,2023.0,N/A,N/A
E1263,2022.0,High,""
E1342,2022.0,3,""
E1661,2022.0,Low,Yes
E1549,2023.0,N/A,Yes
E1236,2022.0,2,N/A
E1099,2022.0,Low,""
E1508,2022.0,N/A,Yes
E1593,2022.0,Low,N/A
E1929,2022.0,High,No
E1581,2023.0,Average,N/A
E1773,2022.0,2,N/A
E1459,2022.0,3,N/A
E1838,2023.0,N/A,Yes
E1628,2023.0,2,N/A
E1260,2022.0,Low,""
E1032,2022.0,Average,No
E1774,2022.0,Low,No
E1504,2023.0,1,No
E1760,2022.0,High,N/A
E1422,2022.0,4,""
E1916,2023.0,5,No
E1153,2022.0,Low,N/A
E1711,2023.0,4,N/A
E1942,2022.0,2,""
E1207,2022.0,Low,No
E1233,2023.0,Average,""
E1603,2023.0,3,N/A
E1201,2023.0,High,Yes
E1626,2022.0,1,Yes
E1132,2023.0,High,""
E1771,2023.0,3,N/A
E1843,2022.0,N/A,Yes
E1348,2022.0,N/A,N/A
E1717,2022.0,5,N/A
E1092,2022.0,Average,Yes
E1628,2023.0,5,No
E1684,2022.0,4,""
E1930,2022.0,2,Yes
E1862,2023.0,5,N/A
E1018,2022.0,2,""
E1398,2022.0,Low,""
E1624,2023.0,4,Yes
E1127,2022.0,4,N/A
E1357,2023.0,5,Yes
E1117,2023.0,3,N/A
E1271,2023.0,High,N/A
E1439,2023.0,NaN,Yes
E1497,2022.0,3,Yes
E1242,2023.0,Average,""
E1958,2022.0,5,No
E1638,2022.0,Low,Yes
E1800,2022.0,5,Yes
E1125,2022.0,Average,N/A
E1839,2023.0,Low,No
E1068,2022.0,4,Yes
E1912,2022.0,3,N/A
E1602,2023.0,5,N/A
E1980,2022.0,High,No
E1250,2022.0,2,N/A
E1719,2023.0,1,No
E1418,2023.0,NaN,Yes
E1754,2023.0,4,No
E1819,2022.0,5,Yes
E1808,2022.0,2,Yes
E1748,2023.0,High,Yes
E1046,2023.0,1,Yes
E1198,2023.0,3,No
E1838,2023.0,High,N/A
E1355,2023.0,NaN,No
E1127,2023.0,4,N/A
E1483,2023.0,NaN,Yes
E1380,2022.0,1,N/A
E1796,2023.0,Low,No
E1675,2022.0,Low,N/A
E1760,2022.0,Average,N/A
E1502,2023.0,1,Yes
E1759,2023.0,2,Yes
E1135,2023.0,N/A,No
E1326,2022.0,3,Yes
E1282,2023.0,Low,No
E1195,2023.0,2,N/A
E1478,2022.0,NaN,""
E1603,2023.0,Average,No
E1956,2023.0,1,N/A
E1066,2023.0,Low,No
E1065,2022.0,N/A,No
E1806,2023.0,Average,Yes
E1835,2022.0,4,N/A
E1725,2023.0,Low,Yes
E1445,2023.0,5,N/A
E1037,2022.0,3,Yes
E1823,2023.0,NaN,N/A
E1530,2023.0,2,No
E1527,2022.0,N/A,N/A
E1876,2022.0,NaN,""
E1868,2023.0,3,Yes
E1791,2022.0,3,""
E1666,2023.0,Average,""
E1441,2022.0,NaN,N/A
E1552,2022.0,High,""
E1828,2022.0,1,Yes
E1133,2022.0,NaN,No
E1667,2023.0,Average,""
E1132,2022.0,Average,""
E1657,2023.0,5,""
E1992,2022.0,Low,""
E1012,2022.0,2,""
E1671,2023.0,3,Yes
E1606,2023.0,5,""
E1367,2022.0,N/A,Yes
E1084,2023.0,4,""
E1192,2023.0,2,Yes
E1169,2022.0,NaN,N/A
E1486,2023.0,3,""
E1302,2022.0,2,""
E1074,2022.0,3,N/A
E1163,2022.0,5,Yes
E1365,2023.0,NaN,N/A
E1529,2023.0,3,N/A
E1669,2023.0,Low,No
E1820,2022.0,4,N/A
E1053,2022.0,Average,No
E1567,2022.0,Average,N/A
E1249,2022.0,NaN,""
E1061,2023.0,Average,No
E1547,2023.0,N/A,No
E1178,2023.0,5,No
E1460,2022.0,1,No
E1611,2022.0,5,""
E1020,2023.0,4,N/A
E1629,2023.0,3,No
E1815,2022.0,Low,Yes
E1474,2022.0,NaN,""
E1923,2023.0,5,""
E1211,2022.0,High,""
E1028,2023.0,3,""
E1232,2023.0,3,""
E1304,2023.0,Low,No
E1065,2023.0,NaN,No
E1710,2022.0,3,N/A
E1912,2023.0,4,Yes
E1459,2022.0,2,N/A
E1735,2022.0,3,Yes
E1498,2023.0,3,N/A
E1236,2022.0,Average,N/A
E1307,2023.0,2,""
E1410,2023.0,2,N/A
E1724,2023.0,N/A,Yes
E1992,2022.0,High,No
E1045,2022.0,NaN,No
E1100,2023.0,4,Yes
E1273,2023.0,High,Yes
E1492,2023.0,1,No
E1522,2023.0,NaN,N/A
E1957,2023.0,1,N/A
E1027,2023.0,3,""
E1772,2022.0,NaN,N/A
E1283,2023.0,High,No
E1368,2023.0,NaN,Yes
E1494,2023.0,3,Yes
E1189,2023.0,4,N/A
E1966,2022.0,4,Yes
E1083,2022.0,Low,No
